code,system
H0603,ctv3
301103013,ctv3
H060300,ctv3
H0603,ctv3
301103013,ctv3
H060300,ctv3
H060C,ctv3
H060E,ctv3
301116013,ctv3
4780481000006116,ctv3
456021000006115,ctv3
4780511000006112,ctv3
H060C00,ctv3
H060E00,ctv3
H060E,ctv3
H060C,ctv3
4780481000006116,ctv3
456021000006115,ctv3
4780511000006112,ctv3
301116013,ctv3
H060C00,ctv3
H060E00,ctv3
H0608,ctv3
301108016,ctv3
H060800,ctv3
H0608,ctv3
301108016,ctv3
H060800,ctv3
X1009,ctv3
5053331000006119,ctv3
X1009,ctv3
5053331000006119,ctv3
XE0Xr,ctv3
H060z,ctv3
H060.,ctv3
H06..,ctv3
H06z.,ctv3
301122016,ctv3
907481000006118,ctv3
411057014,ctv3
411520013,ctv3
885041000006119,ctv3
12717061000006114,ctv3
18268014,ctv3
301095014,ctv3
301132011,ctv3
H06..99,ctv3
14B3.11,ctv3
H06..00,ctv3
H060.00,ctv3
H06z.00,ctv3
H060z00,ctv3
12D1.11,ctv3
H06z.,ctv3
H06..,ctv3
H060.,ctv3
H060z,ctv3
XE0Xr,ctv3
885041000006119,ctv3
907481000006118,ctv3
301132011,ctv3
411520013,ctv3
301122016,ctv3
301095014,ctv3
12717061000006114,ctv3
18268014,ctv3
H06z.00,ctv3
H060z00,ctv3
14B3.11,ctv3
H06..99,ctv3
H06..00,ctv3
H060.00,ctv3
H060D,ctv3
456031000006117,ctv3
4780491000006118,ctv3
H060D00,ctv3
H060D,ctv3
456031000006117,ctv3
4780491000006118,ctv3
H060D00,ctv3
H0601,ctv3
H0602,ctv3
301101010,ctv3
2475601016,ctv3
H060200,ctv3
H060100,ctv3
H0601,ctv3
H0602,ctv3
2475601016,ctv3
301101010,ctv3
H060100,ctv3
H060200,ctv3
H060F,ctv3
456001000006113,ctv3
4780541000006111,ctv3
4780521000006116,ctv3
H060F00,ctv3
H060F,ctv3
456001000006113,ctv3
4780541000006111,ctv3
4780521000006116,ctv3
H060F00,ctv3
XaDtB,ctv3
XaDtB,ctv3
X1007,ctv3
X1007,ctv3
H060w,ctv3
X100B,ctv3
301120012,ctv3
4780531000006118,ctv3
H060w00,ctv3
X100B,ctv3
H060w,ctv3
4780531000006118,ctv3
301120012,ctv3
H060w00,ctv3
H060v,ctv3
H060x,ctv3
301121011,ctv3
301119018,ctv3
H060v00,ctv3
H060x00,ctv3
H060v,ctv3
H060x,ctv3
301119018,ctv3
301121011,ctv3
H060x00,ctv3
H060v00,ctv3
XM1QX,ctv3
411490016,ctv3
H060.11,ctv3
XM1QX,ctv3
411490016,ctv3
H060.11,ctv3
XE0Yt,ctv3
XE0Yt,ctv3
Hyu10,ctv3
301820014,ctv3
Hyu1000,ctv3
Hyu10,ctv3
301820014,ctv3
Hyu1000,ctv3
H060B,ctv3
4780461000006114,ctv3
4780451000006112,ctv3
455991000006112,ctv3
4780471000006119,ctv3
H060B00,ctv3
H060B,ctv3
4780461000006114,ctv3
4780471000006119,ctv3
455991000006112,ctv3
4780451000006112,ctv3
H060B00,ctv3
H0604,ctv3
2475602011,ctv3
H060400,ctv3
H0604,ctv3
2475602011,ctv3
H060400,ctv3
H0600,ctv3
301100011,ctv3
H060000,ctv3
H0600,ctv3
301100011,ctv3
H060000,ctv3
H0607,ctv3
301106017,ctv3
H060700,ctv3
H0607,ctv3
301106017,ctv3
H060700,ctv3
X100A,ctv3
X100A,ctv3
H0609,ctv3
3955621000006112,ctv3
301109012,ctv3
H060900,ctv3
H0609,ctv3
3955621000006112,ctv3
301109012,ctv3
H060900,ctv3
H0606,ctv3
301105018,ctv3
H060600,ctv3
H0606,ctv3
301105018,ctv3
H060600,ctv3
X1006,ctv3
X1006,ctv3
58909014,ctv3
H060500,ctv3
58909014,ctv3
H060500,ctv3
4781741000006113,ctv3
301566010,ctv3
H460000,ctv3
4781721000006118,ctv3
301565014,ctv3
301568011,ctv3
H460z00,ctv3
H460.00,ctv3
350044014,ctv3
H060A00,ctv3
350044014,ctv3
H060A00,ctv3
1174251000000119,ctv3
1709191000006112,ctv3
AB63600,ctv3
1174251000000119,ctv3
1709191000006112,ctv3
AB63600,ctv3
5574131000006118,ctv3
5569741000006115,ctv3
5574131000006118,ctv3
4780421000006115,ctv3
4780421000006115,ctv3